generation,start_time,end_time,duration,hypervolume,population_size,total_evaluations
1,2024-06-28 22:08:17,2024-06-28 22:10:15,118,0.11883028440650124,128,128
2,2024-06-28 22:10:15,2024-06-28 22:12:14,119,0.11888087893136477,128,256
3,2024-06-28 22:12:14,2024-06-28 22:14:13,119,0.11929446753235733,128,384
4,2024-06-28 22:14:13,2024-06-28 22:16:12,119,0.12095517718076923,128,512
5,2024-06-28 22:16:12,2024-06-28 22:18:10,118,0.12441450601945407,128,640
6,2024-06-28 22:18:10,2024-06-28 22:20:09,119,0.12725369878831266,128,768
7,2024-06-28 22:20:09,2024-06-28 22:22:08,119,0.12755732458081886,128,896
8,2024-06-28 22:22:08,2024-06-28 22:24:07,119,0.12778680435652606,128,1024
9,2024-06-28 22:24:07,2024-06-28 22:26:04,117,0.13199282652300248,128,1152
10,2024-06-28 22:26:04,2024-06-28 22:28:02,118,0.13315390986359804,128,1280
11,2024-06-28 22:28:02,2024-06-28 22:30:00,118,0.13350408374560793,128,1408
12,2024-06-28 22:30:00,2024-06-28 22:31:59,119,0.14289497182665015,128,1536
13,2024-06-28 22:31:59,2024-06-28 22:33:57,118,0.14296878016163772,128,1664
14,2024-06-28 22:33:57,2024-06-28 22:35:55,118,0.1429990439290571,128,1792
15,2024-06-28 22:35:55,2024-06-28 22:37:52,117,0.14411944686662534,128,1920
16,2024-06-28 22:37:52,2024-06-28 22:39:51,119,0.1443949022385608,128,2048
17,2024-06-28 22:39:51,2024-06-28 22:41:49,118,0.1476266321018362,128,2176
18,2024-06-28 22:41:49,2024-06-28 22:43:47,118,0.14788569202359803,128,2304
19,2024-06-28 22:43:47,2024-06-28 22:45:44,117,0.14799644281709678,128,2432
20,2024-06-28 22:45:44,2024-06-28 22:47:41,117,0.15110489624357318,128,2560
21,2024-06-28 22:47:41,2024-06-28 22:49:38,117,0.1513954145746154,128,2688
22,2024-06-28 22:49:38,2024-06-28 22:51:36,118,0.15156799078473945,128,2816
23,2024-06-28 22:51:36,2024-06-28 22:53:33,117,0.15181415957310174,128,2944
24,2024-06-28 22:53:33,2024-06-28 22:55:32,119,0.1521008998520844,128,3072
25,2024-06-28 22:55:32,2024-06-28 22:57:30,118,0.15215568366821342,128,3200
26,2024-06-28 22:57:30,2024-06-28 22:59:26,116,0.15265351301985114,128,3328
27,2024-06-28 22:59:26,2024-06-28 23:01:23,117,0.15322332496970223,128,3456
28,2024-06-28 23:01:23,2024-06-28 23:03:20,117,0.15356026947861043,128,3584
29,2024-06-28 23:03:20,2024-06-28 23:05:20,120,0.15359183481205954,128,3712
30,2024-06-28 23:05:20,2024-06-28 23:07:17,117,0.15660388018712157,128,3840
31,2024-06-28 23:07:17,2024-06-28 23:09:14,117,0.1566100394039702,128,3968
32,2024-06-28 23:09:14,2024-06-28 23:11:11,117,0.1567536536151613,128,4096
33,2024-06-28 23:11:11,2024-06-28 23:13:07,116,0.15805580214970222,128,4224
34,2024-06-28 23:13:07,2024-06-28 23:15:05,118,0.1582708161976675,128,4352
35,2024-06-28 23:15:05,2024-06-28 23:17:04,119,0.16155802687940451,128,4480
36,2024-06-28 23:17:04,2024-06-28 23:19:01,117,0.1619707561612407,128,4608
37,2024-06-28 23:19:01,2024-06-28 23:20:59,118,0.16202422864880892,128,4736
38,2024-06-28 23:20:59,2024-06-28 23:22:55,116,0.16210094746883377,128,4864
39,2024-06-28 23:22:55,2024-06-28 23:24:52,117,0.16238287267905713,128,4992
40,2024-06-28 23:24:52,2024-06-28 23:26:49,117,0.1624876514767246,128,5120
41,2024-06-28 23:26:49,2024-06-28 23:28:45,116,0.16258027324583124,128,5248
42,2024-06-28 23:28:45,2024-06-28 23:30:44,119,0.16221900849017368,128,5376
43,2024-06-28 23:30:44,2024-06-28 23:32:43,119,0.16217655846833745,128,5504
44,2024-06-28 23:32:43,2024-06-28 23:34:39,116,0.16539505927471465,128,5632
45,2024-06-28 23:34:39,2024-06-28 23:36:36,117,0.1655454079433499,128,5760
46,2024-06-28 23:36:36,2024-06-28 23:38:33,117,0.16560993862493797,128,5888
47,2024-06-28 23:38:33,2024-06-28 23:40:30,117,0.1656766832724317,128,6016
48,2024-06-28 23:40:30,2024-06-28 23:42:26,116,0.16581535112856077,128,6144
49,2024-06-28 23:42:26,2024-06-28 23:44:22,116,0.16721940244717118,128,6272
50,2024-06-28 23:44:22,2024-06-28 23:46:21,119,0.16725523217258065,128,6400
51,2024-06-28 23:46:21,2024-06-28 23:48:41,140,0.16727025327913153,128,6528
52,2024-06-28 23:48:41,2024-06-28 23:50:37,116,0.16718284148878415,128,6656
53,2024-06-28 23:50:37,2024-06-28 23:52:34,117,0.16713574107426793,128,6784
54,2024-06-28 23:52:34,2024-06-28 23:54:32,118,0.1672253750895285,128,6912
55,2024-06-28 23:54:32,2024-06-28 23:56:29,117,0.16735391868426794,128,7040
56,2024-06-28 23:56:29,2024-06-28 23:58:25,116,0.1673732586052109,128,7168
57,2024-06-28 23:58:25,2024-06-29 00:00:25,120,0.16736198438826302,128,7296
58,2024-06-29 00:00:25,2024-06-29 00:02:27,122,0.1686056524870223,128,7424
59,2024-06-29 00:02:27,2024-06-29 00:04:23,116,0.16859917260627788,128,7552
60,2024-06-29 00:04:23,2024-06-29 00:06:24,121,0.16746784656233255,128,7680
61,2024-06-29 00:06:24,2024-06-29 00:08:20,116,0.16743443096811414,128,7808
62,2024-06-29 00:08:20,2024-06-29 00:10:19,119,0.1677632954703722,128,7936
63,2024-06-29 00:10:19,2024-06-29 00:12:17,118,0.16775790749076924,128,8064
64,2024-06-29 00:12:17,2024-06-29 00:14:13,116,0.16784242339414396,128,8192
65,2024-06-29 00:14:13,2024-06-29 00:16:10,117,0.1678629661923821,128,8320
66,2024-06-29 00:16:10,2024-06-29 00:18:07,117,0.16783816811744418,128,8448
67,2024-06-29 00:18:07,2024-06-29 00:20:06,119,0.16784157072543426,128,8576
68,2024-06-29 00:20:06,2024-06-29 00:22:03,117,0.16780922471987592,128,8704
69,2024-06-29 00:22:03,2024-06-29 00:23:59,116,0.16783782008397022,128,8832
70,2024-06-29 00:23:59,2024-06-29 00:25:56,117,0.1678608114520347,128,8960
71,2024-06-29 00:25:56,2024-06-29 00:27:52,116,0.1679793918511911,128,9088
72,2024-06-29 00:27:52,2024-06-29 00:29:48,116,0.16797084631637715,128,9216
73,2024-06-29 00:29:48,2024-06-29 00:31:45,117,0.1680587392044913,128,9344
74,2024-06-29 00:31:45,2024-06-29 00:33:48,123,0.16810645919786601,128,9472
75,2024-06-29 00:33:48,2024-06-29 00:35:44,116,0.16803220347352357,128,9600
76,2024-06-29 00:35:44,2024-06-29 00:37:42,118,0.1681501883491315,128,9728
77,2024-06-29 00:37:42,2024-06-29 00:39:39,117,0.17063283904270468,128,9856
78,2024-06-29 00:39:39,2024-06-29 00:41:36,117,0.17073398173528528,128,9984
79,2024-06-29 00:41:36,2024-06-29 00:43:32,116,0.1706433355090322,128,10112
80,2024-06-29 00:43:32,2024-06-29 00:45:29,117,0.1706364240534243,128,10240
81,2024-06-29 00:45:29,2024-06-29 00:47:25,116,0.17070931423354838,128,10368
82,2024-06-29 00:47:25,2024-06-29 00:49:23,118,0.1707018805799007,128,10496
83,2024-06-29 00:49:23,2024-06-29 00:51:20,117,0.17082679315434243,128,10624
84,2024-06-29 00:51:20,2024-06-29 00:53:17,117,0.17167008215104218,128,10752
85,2024-06-29 00:53:17,2024-06-29 00:55:14,117,0.17383829320590566,128,10880
86,2024-06-29 00:55:14,2024-06-29 00:57:12,118,0.1738715827589578,128,11008
87,2024-06-29 00:57:12,2024-06-29 00:59:09,117,0.17347455597647649,128,11136
88,2024-06-29 00:59:09,2024-06-29 01:01:06,117,0.17356593873826306,128,11264
89,2024-06-29 01:01:06,2024-06-29 01:03:02,116,0.17307157505682383,128,11392
90,2024-06-29 01:03:02,2024-06-29 01:04:58,116,0.17574819709002484,128,11520
91,2024-06-29 01:04:58,2024-06-29 01:06:54,116,0.17575296985468983,128,11648
92,2024-06-29 01:06:54,2024-06-29 01:08:52,118,0.17580433735548384,128,11776
93,2024-06-29 01:08:52,2024-06-29 01:10:49,117,0.1758348304016377,128,11904
94,2024-06-29 01:10:49,2024-06-29 01:12:48,119,0.17590593493878412,128,12032
95,2024-06-29 01:12:48,2024-06-29 01:14:44,116,0.1759985131386352,128,12160
96,2024-06-29 01:14:44,2024-06-29 01:16:40,116,0.17577233493776673,128,12288
97,2024-06-29 01:16:40,2024-06-29 01:18:37,117,0.1758700395944168,128,12416
98,2024-06-29 01:18:37,2024-06-29 01:20:34,117,0.17595750510719602,128,12544
99,2024-06-29 01:20:34,2024-06-29 01:22:30,116,0.17654459601012407,128,12672
100,2024-06-29 01:22:30,2024-06-29 01:24:27,117,0.1765434745128536,128,12800
101,2024-06-29 01:24:27,2024-06-29 01:26:26,119,0.17659321977761785,128,12928
102,2024-06-29 01:26:26,2024-06-29 01:28:23,117,0.17655730014985113,128,13056
103,2024-06-29 01:28:23,2024-06-29 01:30:19,116,0.17647536393796526,128,13184
104,2024-06-29 01:30:19,2024-06-29 01:32:15,116,0.1765598580685856,128,13312
105,2024-06-29 01:32:15,2024-06-29 01:34:11,116,0.17657102151893306,128,13440
106,2024-06-29 01:34:11,2024-06-29 01:36:11,120,0.1766052046450124,128,13568
107,2024-06-29 01:36:11,2024-06-29 01:38:07,116,0.17655060778570722,128,13696
108,2024-06-29 01:38:07,2024-06-29 01:40:06,119,0.1765932430445657,128,13824
109,2024-06-29 01:40:06,2024-06-29 01:42:05,119,0.17659889113935492,128,13952
110,2024-06-29 01:42:05,2024-06-29 01:44:01,116,0.1765846588458809,128,14080
111,2024-06-29 01:44:01,2024-06-29 01:46:01,120,0.17665373115863525,128,14208
112,2024-06-29 01:46:01,2024-06-29 01:47:58,117,0.17664436132933,128,14336
113,2024-06-29 01:47:58,2024-06-29 01:49:55,117,0.17669844679811414,128,14464
114,2024-06-29 01:49:55,2024-06-29 01:51:54,119,0.17669560968975184,128,14592
115,2024-06-29 01:51:54,2024-06-29 01:53:50,116,0.17661497833496279,128,14720
116,2024-06-29 01:53:50,2024-06-29 01:55:49,119,0.17650650840004967,128,14848
117,2024-06-29 01:55:49,2024-06-29 01:57:47,118,0.176631055506402,128,14976
118,2024-06-29 01:57:47,2024-06-29 01:59:43,116,0.17676894188674938,128,15104
119,2024-06-29 01:59:43,2024-06-29 02:01:40,117,0.17675607292414391,128,15232
120,2024-06-29 02:01:40,2024-06-29 02:03:36,116,0.17685507357533503,128,15360
121,2024-06-29 02:03:36,2024-06-29 02:05:32,116,0.17684599208153845,128,15488
122,2024-06-29 02:05:32,2024-06-29 02:07:28,116,0.17681448134076921,128,15616
123,2024-06-29 02:07:28,2024-06-29 02:09:27,119,0.17658185320548392,128,15744
124,2024-06-29 02:09:27,2024-06-29 02:11:23,116,0.17656299683836227,128,15872
125,2024-06-29 02:11:23,2024-06-29 02:13:19,116,0.17657089636593054,128,16000
126,2024-06-29 02:13:19,2024-06-29 02:15:18,119,0.1768466010667494,128,16128
127,2024-06-29 02:15:18,2024-06-29 02:17:14,116,0.17688209262920596,128,16256
128,2024-06-29 02:17:14,2024-06-29 02:19:11,117,0.17694851472129033,128,16384
129,2024-06-29 02:19:11,2024-06-29 02:21:07,116,0.176969761007196,128,16512
130,2024-06-29 02:21:07,2024-06-29 02:23:04,117,0.177123699384665,128,16640
131,2024-06-29 02:23:04,2024-06-29 02:25:01,117,0.17718114396143922,128,16768
132,2024-06-29 02:25:01,2024-06-29 02:26:57,116,0.17731956375215877,128,16896
133,2024-06-29 02:26:57,2024-06-29 02:28:53,116,0.17734599817496277,128,17024
134,2024-06-29 02:28:53,2024-06-29 02:30:49,116,0.17744868582905707,128,17152
135,2024-06-29 02:30:49,2024-06-29 02:32:45,116,0.1772752734713399,128,17280
136,2024-06-29 02:32:45,2024-06-29 02:34:42,117,0.17692764048491316,128,17408
137,2024-06-29 02:34:42,2024-06-29 02:36:38,116,0.17667078470937964,128,17536
138,2024-06-29 02:36:38,2024-06-29 02:38:34,116,0.17685287765052105,128,17664
139,2024-06-29 02:38:34,2024-06-29 02:40:31,117,0.1769967133779156,128,17792
140,2024-06-29 02:40:31,2024-06-29 02:42:29,118,0.17704155279119105,128,17920
141,2024-06-29 02:42:29,2024-06-29 02:44:27,118,0.17701793865476428,128,18048
142,2024-06-29 02:44:27,2024-06-29 02:46:32,125,0.17693344516853599,128,18176
143,2024-06-29 02:46:32,2024-06-29 02:48:32,120,0.17736866794982628,128,18304
144,2024-06-29 02:48:32,2024-06-29 02:50:28,116,0.17750010034620345,128,18432
145,2024-06-29 02:50:28,2024-06-29 02:52:26,118,0.17754587439081887,128,18560
146,2024-06-29 02:52:26,2024-06-29 02:54:23,117,0.17735296652300242,128,18688
147,2024-06-29 02:54:23,2024-06-29 02:56:20,117,0.1774057149139702,128,18816
148,2024-06-29 02:56:20,2024-06-29 02:58:17,117,0.17736113340151366,128,18944
149,2024-06-29 02:58:17,2024-06-29 03:00:15,118,0.17736769533635238,128,19072
150,2024-06-29 03:00:15,2024-06-29 03:02:12,117,0.17738215420511166,128,19200
151,2024-06-29 03:02:12,2024-06-29 03:04:11,119,0.17750470973109178,128,19328
152,2024-06-29 03:04:11,2024-06-29 03:06:09,118,0.1774837682080148,128,19456
153,2024-06-29 03:06:09,2024-06-29 03:08:05,116,0.17767167308205956,128,19584
154,2024-06-29 03:08:05,2024-06-29 03:10:02,117,0.17769552178794046,128,19712
155,2024-06-29 03:10:02,2024-06-29 03:11:58,116,0.1774894205774938,128,19840
156,2024-06-29 03:11:58,2024-06-29 03:13:55,117,0.1774729544035236,128,19968
157,2024-06-29 03:13:55,2024-06-29 03:15:51,116,0.17750215751215884,128,20096
158,2024-06-29 03:15:51,2024-06-29 03:17:48,117,0.17762343735377173,128,20224
159,2024-06-29 03:17:48,2024-06-29 03:19:44,116,0.17755387579920595,128,20352
160,2024-06-29 03:19:44,2024-06-29 03:21:40,116,0.17742269347034742,128,20480
161,2024-06-29 03:21:40,2024-06-29 03:23:37,117,0.17755304579156325,128,20608
162,2024-06-29 03:23:37,2024-06-29 03:25:36,119,0.1775633466911166,128,20736
163,2024-06-29 03:25:36,2024-06-29 03:27:41,125,0.17756460617334982,128,20864
164,2024-06-29 03:27:41,2024-06-29 03:29:37,116,0.1777145342530025,128,20992
165,2024-06-29 03:29:37,2024-06-29 03:31:34,117,0.1778431804488089,128,21120
166,2024-06-29 03:31:34,2024-06-29 03:33:31,117,0.17779600521439207,128,21248
167,2024-06-29 03:33:31,2024-06-29 03:35:28,117,0.17780403839650125,128,21376
168,2024-06-29 03:35:28,2024-06-29 03:37:27,119,0.1778651108751117,128,21504
169,2024-06-29 03:37:27,2024-06-29 03:39:24,117,0.17779971560258068,128,21632
170,2024-06-29 03:39:24,2024-06-29 03:41:20,116,0.17778827061439206,128,21760
171,2024-06-29 03:41:20,2024-06-29 03:43:17,117,0.17777026009538463,128,21888
172,2024-06-29 03:43:17,2024-06-29 03:45:17,120,0.17783391030667492,128,22016
173,2024-06-29 03:45:17,2024-06-29 03:47:22,125,0.17782858291563275,128,22144
174,2024-06-29 03:47:22,2024-06-29 03:49:18,116,0.17784824988843675,128,22272
175,2024-06-29 03:49:18,2024-06-29 03:51:27,129,0.1778191648112159,128,22400
176,2024-06-29 03:51:27,2024-06-29 03:53:29,122,0.1776863656582134,128,22528
177,2024-06-29 03:53:29,2024-06-29 03:55:26,117,0.17771402212307696,128,22656
178,2024-06-29 03:55:26,2024-06-29 03:57:22,116,0.17770178475895784,128,22784
179,2024-06-29 03:57:22,2024-06-29 03:59:18,116,0.1776944707509677,128,22912
180,2024-06-29 03:59:18,2024-06-29 04:01:14,116,0.1776437575328784,128,23040
181,2024-06-29 04:01:14,2024-06-29 04:03:11,117,0.17759551162806458,128,23168
182,2024-06-29 04:03:11,2024-06-29 04:05:07,116,0.17769930943315135,128,23296
183,2024-06-29 04:05:07,2024-06-29 04:07:04,117,0.17767633779679903,128,23424
184,2024-06-29 04:07:04,2024-06-29 04:09:02,118,0.1776091780727047,128,23552
185,2024-06-29 04:09:02,2024-06-29 04:11:00,118,0.17758196240478913,128,23680
186,2024-06-29 04:11:00,2024-06-29 04:12:57,117,0.17775904090940448,128,23808
187,2024-06-29 04:12:57,2024-06-29 04:14:56,119,0.17786062015022333,128,23936
188,2024-06-29 04:14:56,2024-06-29 04:16:53,117,0.17788670242263036,128,24064
189,2024-06-29 04:16:53,2024-06-29 04:18:56,123,0.17801815942325064,128,24192
190,2024-06-29 04:18:56,2024-06-29 04:20:53,117,0.1779760705246402,128,24320
191,2024-06-29 04:20:53,2024-06-29 04:22:49,116,0.17789104175880896,128,24448
192,2024-06-29 04:22:49,2024-06-29 04:24:46,117,0.17791330792220844,128,24576
193,2024-06-29 04:24:46,2024-06-29 04:26:43,117,0.17798521137781637,128,24704
194,2024-06-29 04:26:43,2024-06-29 04:28:39,116,0.17799692447062038,128,24832
195,2024-06-29 04:28:39,2024-06-29 04:30:40,121,0.1779691306383623,128,24960
196,2024-06-29 04:30:40,2024-06-29 04:32:36,116,0.17797603329875927,128,25088
197,2024-06-29 04:32:36,2024-06-29 04:34:32,116,0.1780488679543921,128,25216
198,2024-06-29 04:34:32,2024-06-29 04:36:31,119,0.17799836007419353,128,25344
199,2024-06-29 04:36:31,2024-06-29 04:38:28,117,0.17794460574349874,128,25472
200,2024-06-29 04:38:28,2024-06-29 04:40:24,116,0.17829806180697272,128,25600
201,2024-06-29 04:40:24,2024-06-29 04:42:20,116,0.17828919064310172,128,25728
202,2024-06-29 04:42:20,2024-06-29 04:44:16,116,0.17828287679136479,128,25856
203,2024-06-29 04:44:16,2024-06-29 04:46:18,122,0.1782745937492308,128,25984
204,2024-06-29 04:46:18,2024-06-29 04:48:16,118,0.17835653825920592,128,26112
205,2024-06-29 04:48:16,2024-06-29 04:50:18,122,0.17831084721555832,128,26240
206,2024-06-29 04:50:18,2024-06-29 04:52:15,117,0.17864017898342435,128,26368
207,2024-06-29 04:52:15,2024-06-29 04:54:14,119,0.17854922755650127,128,26496
208,2024-06-29 04:54:14,2024-06-29 04:56:18,124,0.178577239061737,128,26624
209,2024-06-29 04:56:18,2024-06-29 04:58:14,116,0.17874490977672458,128,26752
210,2024-06-29 04:58:14,2024-06-29 05:00:10,116,0.17871950164719597,128,26880
211,2024-06-29 05:00:10,2024-06-29 05:02:07,117,0.17875134475471463,128,27008
212,2024-06-29 05:02:07,2024-06-29 05:04:03,116,0.1788314358198263,128,27136
213,2024-06-29 05:04:03,2024-06-29 05:06:09,126,0.17883173370540942,128,27264
214,2024-06-29 05:06:09,2024-06-29 05:08:06,117,0.1789007840251613,128,27392
215,2024-06-29 05:08:06,2024-06-29 05:10:05,119,0.17884203955925554,128,27520
216,2024-06-29 05:10:05,2024-06-29 05:12:01,116,0.1788603069485608,128,27648
217,2024-06-29 05:12:01,2024-06-29 05:13:57,116,0.17877891076712155,128,27776
218,2024-06-29 05:13:57,2024-06-29 05:15:55,118,0.17876659904766748,128,27904
219,2024-06-29 05:15:55,2024-06-29 05:17:59,124,0.1788569961147891,128,28032
220,2024-06-29 05:17:59,2024-06-29 05:19:56,117,0.17886611160769234,128,28160
221,2024-06-29 05:19:56,2024-06-29 05:21:53,117,0.17883396107647642,128,28288
222,2024-06-29 05:21:53,2024-06-29 05:23:49,116,0.17878909306704713,128,28416
223,2024-06-29 05:23:49,2024-06-29 05:25:47,118,0.1788614409490074,128,28544
224,2024-06-29 05:25:47,2024-06-29 05:27:44,117,0.1787698928903474,128,28672
225,2024-06-29 05:27:44,2024-06-29 05:29:41,117,0.1787655975246153,128,28800
226,2024-06-29 05:29:41,2024-06-29 05:31:43,122,0.17882029200838712,128,28928
227,2024-06-29 05:31:43,2024-06-29 05:33:40,117,0.1788394570412903,128,29056
228,2024-06-29 05:33:40,2024-06-29 05:35:36,116,0.17883431380548387,128,29184
229,2024-06-29 05:35:36,2024-06-29 05:37:35,119,0.17885732401362284,128,29312
230,2024-06-29 05:37:35,2024-06-29 05:39:31,116,0.17883220983553344,128,29440
231,2024-06-29 05:39:31,2024-06-29 05:41:28,117,0.1787886090333995,128,29568
232,2024-06-29 05:41:28,2024-06-29 05:43:26,118,0.17879910857677422,128,29696
233,2024-06-29 05:43:26,2024-06-29 05:45:26,120,0.1788794470230025,128,29824
234,2024-06-29 05:45:26,2024-06-29 05:47:22,116,0.17883508981205962,128,29952
235,2024-06-29 05:47:22,2024-06-29 05:49:19,117,0.17884196728017368,128,30080
236,2024-06-29 05:49:19,2024-06-29 05:51:20,121,0.17884098562325065,128,30208
237,2024-06-29 05:51:20,2024-06-29 05:53:17,117,0.17876715438707194,128,30336
238,2024-06-29 05:53:17,2024-06-29 05:55:13,116,0.1787616863572208,128,30464
239,2024-06-29 05:55:13,2024-06-29 05:57:10,117,0.17874111896575684,128,30592
240,2024-06-29 05:57:10,2024-06-29 05:59:07,117,0.17874357051620343,128,30720
241,2024-06-29 05:59:07,2024-06-29 06:01:03,116,0.1790900447634988,128,30848
242,2024-06-29 06:01:03,2024-06-29 06:02:59,116,0.17918397059905705,128,30976
243,2024-06-29 06:02:59,2024-06-29 06:04:56,117,0.17915899119600495,128,31104
244,2024-06-29 06:04:56,2024-06-29 06:06:52,116,0.1791669685034739,128,31232
245,2024-06-29 06:06:52,2024-06-29 06:08:53,121,0.17919476689168734,128,31360
246,2024-06-29 06:08:53,2024-06-29 06:10:52,119,0.17912802962548388,128,31488
247,2024-06-29 06:10:52,2024-06-29 06:12:48,116,0.17920907038473943,128,31616
248,2024-06-29 06:12:48,2024-06-29 06:14:51,123,0.17924427828883374,128,31744
249,2024-06-29 06:14:51,2024-06-29 06:16:47,116,0.17924155391598015,128,31872
250,2024-06-29 06:16:47,2024-06-29 06:18:44,117,0.17919614941955334,128,32000
251,2024-06-29 06:18:44,2024-06-29 06:20:40,116,0.17920528087057072,128,32128
252,2024-06-29 06:20:40,2024-06-29 06:22:42,122,0.17920717731555832,128,32256
253,2024-06-29 06:22:42,2024-06-29 06:24:42,120,0.1792073744458313,128,32384
254,2024-06-29 06:24:42,2024-06-29 06:26:38,116,0.1791969847525062,128,32512
255,2024-06-29 06:26:38,2024-06-29 06:28:37,119,0.17917490969367247,128,32640
256,2024-06-29 06:28:37,2024-06-29 06:30:34,117,0.1791448964388586,128,32768
257,2024-06-29 06:30:34,2024-06-29 06:32:34,120,0.1792786563416129,128,32896
258,2024-06-29 06:32:34,2024-06-29 06:34:32,118,0.17919545062704717,128,33024
259,2024-06-29 06:34:32,2024-06-29 06:36:27,115,0.17917722522625312,128,33152
260,2024-06-29 06:36:27,2024-06-29 06:38:24,117,0.1792086500690819,128,33280
261,2024-06-29 06:38:24,2024-06-29 06:40:22,118,0.17924074182099253,128,33408
262,2024-06-29 06:40:22,2024-06-29 06:42:19,117,0.17926472922238215,128,33536
263,2024-06-29 06:42:19,2024-06-29 06:44:15,116,0.17922530396106703,128,33664
264,2024-06-29 06:44:15,2024-06-29 06:46:11,116,0.1792806182177668,128,33792
265,2024-06-29 06:46:11,2024-06-29 06:48:07,116,0.1792724487718362,128,33920
266,2024-06-29 06:48:07,2024-06-29 06:50:07,120,0.17919810177431764,128,34048
267,2024-06-29 06:50:07,2024-06-29 06:52:05,118,0.17936251179084364,128,34176
268,2024-06-29 06:52:05,2024-06-29 06:54:02,117,0.17926779295699755,128,34304
269,2024-06-29 06:54:02,2024-06-29 06:55:57,115,0.17923064100799013,128,34432
270,2024-06-29 06:55:57,2024-06-29 06:57:53,116,0.17921590639193558,128,34560
271,2024-06-29 06:57:53,2024-06-29 06:59:50,117,0.17925238146875935,128,34688
272,2024-06-29 06:59:50,2024-06-29 07:01:51,121,0.17930613414808932,128,34816
273,2024-06-29 07:01:51,2024-06-29 07:03:47,116,0.17931916968151368,128,34944
274,2024-06-29 07:03:47,2024-06-29 07:05:44,117,0.17932957676275432,128,35072
275,2024-06-29 07:05:44,2024-06-29 07:07:40,116,0.17934981123575683,128,35200
276,2024-06-29 07:07:40,2024-06-29 07:09:36,116,0.1793367660191812,128,35328
277,2024-06-29 07:09:36,2024-06-29 07:11:35,119,0.17936590692357324,128,35456
278,2024-06-29 07:11:35,2024-06-29 07:13:31,116,0.17936739608322586,128,35584
279,2024-06-29 07:13:31,2024-06-29 07:15:32,121,0.1793125787081886,128,35712
280,2024-06-29 07:15:32,2024-06-29 07:17:29,117,0.17932432707054588,128,35840
281,2024-06-29 07:17:29,2024-06-29 07:19:25,116,0.179310573254268,128,35968
282,2024-06-29 07:19:25,2024-06-29 07:21:21,116,0.17931614337749383,128,36096
283,2024-06-29 07:21:21,2024-06-29 07:23:17,116,0.17901524042228287,128,36224
284,2024-06-29 07:23:17,2024-06-29 07:25:13,116,0.17913096599027295,128,36352
285,2024-06-29 07:25:13,2024-06-29 07:27:13,120,0.17886755341937965,128,36480
286,2024-06-29 07:27:13,2024-06-29 07:29:10,117,0.17893723668275435,128,36608
287,2024-06-29 07:29:10,2024-06-29 07:31:06,116,0.17906368978545908,128,36736
288,2024-06-29 07:31:06,2024-06-29 07:33:02,116,0.17909241968419357,128,36864
289,2024-06-29 07:33:02,2024-06-29 07:34:58,116,0.17891392475203477,128,36992
290,2024-06-29 07:34:58,2024-06-29 07:36:57,119,0.1790781490394789,128,37120
291,2024-06-29 07:36:57,2024-06-29 07:38:53,116,0.17911077608575685,128,37248
292,2024-06-29 07:38:53,2024-06-29 07:40:49,116,0.1791141504287097,128,37376
293,2024-06-29 07:40:49,2024-06-29 07:42:51,122,0.1792067174752357,128,37504
294,2024-06-29 07:42:51,2024-06-29 07:44:47,116,0.1793376201929529,128,37632
295,2024-06-29 07:44:47,2024-06-29 07:46:44,117,0.17940401344952855,128,37760
296,2024-06-29 07:46:44,2024-06-29 07:48:44,120,0.1793364473335484,128,37888
297,2024-06-29 07:48:44,2024-06-29 07:50:40,116,0.17940854369374695,128,38016
298,2024-06-29 07:50:40,2024-06-29 07:52:35,115,0.179353153237866,128,38144
299,2024-06-29 07:52:35,2024-06-29 07:54:34,119,0.17935846524937968,128,38272
300,2024-06-29 07:54:34,2024-06-29 07:56:38,124,0.1793505731543673,128,38400
301,2024-06-29 07:56:38,2024-06-29 07:58:35,117,0.1793644673511911,128,38528
302,2024-06-29 07:58:35,2024-06-29 08:00:31,116,0.17937311358377175,128,38656
303,2024-06-29 08:00:31,2024-06-29 08:02:31,120,0.1793702049008933,128,38784
304,2024-06-29 08:02:31,2024-06-29 08:04:27,116,0.1792911330190819,128,38912
305,2024-06-29 08:04:27,2024-06-29 08:06:24,117,0.17913701479359806,128,39040
306,2024-06-29 08:06:24,2024-06-29 08:08:20,116,0.17918621072903224,128,39168
307,2024-06-29 08:08:20,2024-06-29 08:10:17,117,0.17928066778593052,128,39296
308,2024-06-29 08:10:17,2024-06-29 08:12:14,117,0.17922928332598015,128,39424
309,2024-06-29 08:12:14,2024-06-29 08:14:10,116,0.1792138135250124,128,39552
310,2024-06-29 08:14:10,2024-06-29 08:16:08,118,0.17917383103786605,128,39680
311,2024-06-29 08:16:08,2024-06-29 08:18:05,117,0.17912635634684862,128,39808
312,2024-06-29 08:18:05,2024-06-29 08:20:09,124,0.17916344587049626,128,39936
313,2024-06-29 08:20:09,2024-06-29 08:22:16,127,0.17914539166736973,128,40064
314,2024-06-29 08:22:16,2024-06-29 08:24:13,117,0.17903531644357318,128,40192
315,2024-06-29 08:24:13,2024-06-29 08:26:11,118,0.17919284815821335,128,40320
316,2024-06-29 08:26:11,2024-06-29 08:28:07,116,0.17923830988501238,128,40448
317,2024-06-29 08:28:07,2024-06-29 08:30:08,121,0.17919539262746903,128,40576
318,2024-06-29 08:30:08,2024-06-29 08:32:05,117,0.1793137952891563,128,40704
319,2024-06-29 08:32:05,2024-06-29 08:34:02,117,0.17921468639890817,128,40832
320,2024-06-29 08:34:02,2024-06-29 08:35:59,117,0.17914531510545903,128,40960
321,2024-06-29 08:35:59,2024-06-29 08:37:55,116,0.1792306286554342,128,41088
322,2024-06-29 08:37:55,2024-06-29 08:39:52,117,0.17909255106275435,128,41216
323,2024-06-29 08:39:52,2024-06-29 08:41:48,116,0.17915689031203477,128,41344
324,2024-06-29 08:41:48,2024-06-29 08:43:44,116,0.17917978119933003,128,41472
325,2024-06-29 08:43:44,2024-06-29 08:45:41,117,0.17913405112692304,128,41600
326,2024-06-29 08:45:41,2024-06-29 08:47:37,116,0.17929691018811417,128,41728
327,2024-06-29 08:47:37,2024-06-29 08:49:34,117,0.17931099146138954,128,41856
328,2024-06-29 08:49:34,2024-06-29 08:51:30,116,0.17929503474161287,128,41984
329,2024-06-29 08:51:30,2024-06-29 08:53:26,116,0.17911976874669977,128,42112
330,2024-06-29 08:53:26,2024-06-29 08:55:22,116,0.1792518291419603,128,42240
331,2024-06-29 08:55:22,2024-06-29 08:57:18,116,0.17927429667538464,128,42368
332,2024-06-29 08:57:18,2024-06-29 08:59:14,116,0.17923197160655088,128,42496
333,2024-06-29 08:59:14,2024-06-29 09:01:14,120,0.17937110679625315,128,42624
334,2024-06-29 09:01:14,2024-06-29 09:03:11,117,0.17933964758905704,128,42752
335,2024-06-29 09:03:11,2024-06-29 09:05:08,117,0.17929708396295285,128,42880
336,2024-06-29 09:05:08,2024-06-29 09:07:04,116,0.17945525763833745,128,43008
337,2024-06-29 09:07:04,2024-06-29 09:09:01,117,0.1795010187680149,128,43136
338,2024-06-29 09:09:01,2024-06-29 09:10:57,116,0.1794605615743176,128,43264
339,2024-06-29 09:10:57,2024-06-29 09:12:53,116,0.17947773691684868,128,43392
340,2024-06-29 09:12:53,2024-06-29 09:14:50,117,0.1793735062730273,128,43520
341,2024-06-29 09:14:50,2024-06-29 09:16:46,116,0.17940050708528538,128,43648
342,2024-06-29 09:16:46,2024-06-29 09:18:42,116,0.17940566688997514,128,43776
343,2024-06-29 09:18:42,2024-06-29 09:20:38,116,0.1794473065515384,128,43904
344,2024-06-29 09:20:38,2024-06-29 09:22:34,116,0.1795664390434987,128,44032
345,2024-06-29 09:22:34,2024-06-29 09:24:31,117,0.179580519471067,128,44160
346,2024-06-29 09:24:31,2024-06-29 09:26:28,117,0.17967818292555826,128,44288
347,2024-06-29 09:26:28,2024-06-29 09:28:24,116,0.17958583735652606,128,44416
348,2024-06-29 09:28:24,2024-06-29 09:30:20,116,0.17979277057880896,128,44544
349,2024-06-29 09:30:20,2024-06-29 09:32:21,121,0.1797495194222828,128,44672
350,2024-06-29 09:32:21,2024-06-29 09:34:18,117,0.1797091589478164,128,44800
351,2024-06-29 09:34:18,2024-06-29 09:36:15,117,0.17974600449791564,128,44928
352,2024-06-29 09:36:15,2024-06-29 09:38:13,118,0.1796241554996526,128,45056
353,2024-06-29 09:38:13,2024-06-29 09:40:10,117,0.17954409886702236,128,45184
354,2024-06-29 09:40:10,2024-06-29 09:42:05,115,0.1795693831204715,128,45312
355,2024-06-29 09:42:05,2024-06-29 09:44:02,117,0.1796043769650372,128,45440
356,2024-06-29 09:44:02,2024-06-29 09:45:58,116,0.17942922116079402,128,45568
357,2024-06-29 09:45:58,2024-06-29 09:47:54,116,0.1795320783244665,128,45696
358,2024-06-29 09:47:54,2024-06-29 09:49:51,117,0.1794869968714144,128,45824
359,2024-06-29 09:49:51,2024-06-29 09:51:47,116,0.17949435436516128,128,45952
360,2024-06-29 09:51:47,2024-06-29 09:53:45,118,0.1796311741326303,128,46080
361,2024-06-29 09:53:45,2024-06-29 09:55:41,116,0.179613637120397,128,46208
362,2024-06-29 09:55:41,2024-06-29 09:57:37,116,0.17961300835588093,128,46336
363,2024-06-29 09:57:37,2024-06-29 09:59:33,116,0.17961434886808936,128,46464
364,2024-06-29 09:59:33,2024-06-29 10:01:39,126,0.17962250504583127,128,46592
365,2024-06-29 10:01:39,2024-06-29 10:03:36,117,0.17964843306091816,128,46720
366,2024-06-29 10:03:36,2024-06-29 10:05:32,116,0.17966930963836228,128,46848
367,2024-06-29 10:05:32,2024-06-29 10:07:28,116,0.17970914485650127,128,46976
368,2024-06-29 10:07:28,2024-06-29 10:09:24,116,0.179710457565608,128,47104
369,2024-06-29 10:09:24,2024-06-29 10:11:21,117,0.17975135381861046,128,47232
370,2024-06-29 10:11:21,2024-06-29 10:13:17,116,0.17968105672937965,128,47360
371,2024-06-29 10:13:17,2024-06-29 10:15:13,116,0.17962877411382133,128,47488
372,2024-06-29 10:15:13,2024-06-29 10:17:11,118,0.17958655509875932,128,47616
373,2024-06-29 10:17:11,2024-06-29 10:19:07,116,0.17956174165555833,128,47744
374,2024-06-29 10:19:07,2024-06-29 10:21:04,117,0.17954110887233254,128,47872
375,2024-06-29 10:21:04,2024-06-29 10:23:01,117,0.1796120356058809,128,48000
376,2024-06-29 10:23:01,2024-06-29 10:24:57,116,0.17945726753136476,128,48128
377,2024-06-29 10:24:57,2024-06-29 10:26:53,116,0.17941826046196027,128,48256
378,2024-06-29 10:26:53,2024-06-29 10:28:49,116,0.1793674273667494,128,48384
379,2024-06-29 10:28:49,2024-06-29 10:30:46,117,0.17968295080665017,128,48512
380,2024-06-29 10:30:46,2024-06-29 10:32:42,116,0.1794653304136973,128,48640
381,2024-06-29 10:32:42,2024-06-29 10:34:38,116,0.17956759464937974,128,48768
382,2024-06-29 10:34:38,2024-06-29 10:36:34,116,0.17957479862794054,128,48896
383,2024-06-29 10:36:34,2024-06-29 10:38:30,116,0.1793752582491564,128,49024
384,2024-06-29 10:38:30,2024-06-29 10:40:26,116,0.17930763355903231,128,49152
385,2024-06-29 10:40:26,2024-06-29 10:42:23,117,0.17937341612739457,128,49280
386,2024-06-29 10:42:23,2024-06-29 10:44:21,118,0.1794011280001489,128,49408
387,2024-06-29 10:44:21,2024-06-29 10:46:17,116,0.17948701407883377,128,49536
388,2024-06-29 10:46:17,2024-06-29 10:48:13,116,0.17948314435426801,128,49664
389,2024-06-29 10:48:13,2024-06-29 10:50:13,120,0.17951538232573203,128,49792
390,2024-06-29 10:50:13,2024-06-29 10:52:09,116,0.17949449442111665,128,49920
391,2024-06-29 10:52:09,2024-06-29 10:54:09,120,0.17959623360602983,128,50048
392,2024-06-29 10:54:09,2024-06-29 10:56:05,116,0.17955819145751864,128,50176
393,2024-06-29 10:56:05,2024-06-29 10:58:02,117,0.17980195346508684,128,50304
394,2024-06-29 10:58:02,2024-06-29 10:59:58,116,0.17984589110585608,128,50432
395,2024-06-29 10:59:58,2024-06-29 11:01:54,116,0.1797963401073449,128,50560
396,2024-06-29 11:01:54,2024-06-29 11:03:51,117,0.179831595482407,128,50688
397,2024-06-29 11:03:51,2024-06-29 11:05:47,116,0.17988382105585612,128,50816
398,2024-06-29 11:05:47,2024-06-29 11:07:44,117,0.17987605108602986,128,50944
399,2024-06-29 11:07:44,2024-06-29 11:09:40,116,0.17991696217632758,128,51072
400,2024-06-29 11:09:40,2024-06-29 11:11:37,117,0.17988908011488838,128,51200
401,2024-06-29 11:11:37,2024-06-29 11:13:35,118,0.17975867340625315,128,51328
402,2024-06-29 11:13:35,2024-06-29 11:15:33,118,0.17981832761022334,128,51456
403,2024-06-29 11:15:33,2024-06-29 11:17:32,119,0.17985989472305208,128,51584
404,2024-06-29 11:17:32,2024-06-29 11:19:28,116,0.17991074753521094,128,51712
405,2024-06-29 11:19:28,2024-06-29 11:21:24,116,0.17974380372846158,128,51840
406,2024-06-29 11:21:24,2024-06-29 11:23:21,117,0.17961785100250624,128,51968
407,2024-06-29 11:23:21,2024-06-29 11:25:18,117,0.17958264481317618,128,52096
408,2024-06-29 11:25:18,2024-06-29 11:27:13,115,0.17960815240436726,128,52224
409,2024-06-29 11:27:13,2024-06-29 11:29:10,117,0.17940991583702234,128,52352
410,2024-06-29 11:29:10,2024-06-29 11:31:08,118,0.17944427090163778,128,52480
411,2024-06-29 11:31:08,2024-06-29 11:33:04,116,0.17937304779305216,128,52608
412,2024-06-29 11:33:04,2024-06-29 11:35:01,117,0.17936882860516132,128,52736
413,2024-06-29 11:35:01,2024-06-29 11:37:04,123,0.17932178237424318,128,52864
414,2024-06-29 11:37:04,2024-06-29 11:39:00,116,0.1793892058020099,128,52992
415,2024-06-29 11:39:00,2024-06-29 11:40:57,117,0.17951408783935477,128,53120
416,2024-06-29 11:40:57,2024-06-29 11:42:54,117,0.17941363058215887,128,53248
417,2024-06-29 11:42:54,2024-06-29 11:44:49,115,0.1793891072039951,128,53376
418,2024-06-29 11:44:49,2024-06-29 11:46:48,119,0.1794181461655832,128,53504
419,2024-06-29 11:46:48,2024-06-29 11:48:44,116,0.17958925288647637,128,53632
420,2024-06-29 11:48:44,2024-06-29 11:50:40,116,0.17969859672632754,128,53760
421,2024-06-29 11:50:40,2024-06-29 11:52:46,126,0.17955070256903224,128,53888
422,2024-06-29 11:52:46,2024-06-29 11:54:42,116,0.17953025383248136,128,54016
423,2024-06-29 11:54:42,2024-06-29 11:56:45,123,0.17955267140416872,128,54144
424,2024-06-29 11:56:45,2024-06-29 11:58:42,117,0.17968542003416876,128,54272
425,2024-06-29 11:58:42,2024-06-29 12:00:41,119,0.17951392304895777,128,54400
426,2024-06-29 12:00:41,2024-06-29 12:02:38,117,0.1795417759002978,128,54528
427,2024-06-29 12:02:38,2024-06-29 12:04:34,116,0.179615698651464,128,54656
428,2024-06-29 12:04:34,2024-06-29 12:06:32,118,0.17966166021851115,128,54784
429,2024-06-29 12:06:32,2024-06-29 12:08:29,117,0.1796246744735484,128,54912
430,2024-06-29 12:08:29,2024-06-29 12:10:25,116,0.17959837545511168,128,55040
431,2024-06-29 12:10:25,2024-06-29 12:12:21,116,0.17961324748253102,128,55168
432,2024-06-29 12:12:21,2024-06-29 12:14:17,116,0.17959864148295288,128,55296
433,2024-06-29 12:14:17,2024-06-29 12:16:18,121,0.1795083920476179,128,55424
434,2024-06-29 12:16:18,2024-06-29 12:18:15,117,0.17955460071873452,128,55552
435,2024-06-29 12:18:15,2024-06-29 12:20:11,116,0.17954168610660054,128,55680
436,2024-06-29 12:20:11,2024-06-29 12:22:07,116,0.17956499646342428,128,55808
437,2024-06-29 12:22:07,2024-06-29 12:24:07,120,0.1795689860316129,128,55936
438,2024-06-29 12:24:07,2024-06-29 12:26:03,116,0.1795610328167494,128,56064
439,2024-06-29 12:26:03,2024-06-29 12:28:00,117,0.17971680542439203,128,56192
440,2024-06-29 12:28:00,2024-06-29 12:29:57,117,0.17974950229888337,128,56320
441,2024-06-29 12:29:57,2024-06-29 12:31:53,116,0.1797200148789082,128,56448
442,2024-06-29 12:31:53,2024-06-29 12:33:49,116,0.17971061980307693,128,56576
443,2024-06-29 12:33:49,2024-06-29 12:35:45,116,0.17997588117831265,128,56704
444,2024-06-29 12:35:45,2024-06-29 12:37:41,116,0.17995664797866004,128,56832
445,2024-06-29 12:37:41,2024-06-29 12:39:39,118,0.17993546850900746,128,56960
446,2024-06-29 12:39:39,2024-06-29 12:41:35,116,0.17996381217146407,128,57088
447,2024-06-29 12:41:35,2024-06-29 12:43:32,117,0.18000948072568243,128,57216
448,2024-06-29 12:43:32,2024-06-29 12:45:28,116,0.18000579056751864,128,57344
449,2024-06-29 12:45:28,2024-06-29 12:47:25,117,0.1797208780854839,128,57472
450,2024-06-29 12:47:25,2024-06-29 12:49:21,116,0.17973507034652605,128,57600
451,2024-06-29 12:49:21,2024-06-29 12:51:17,116,0.17982167114342434,128,57728
452,2024-06-29 12:51:17,2024-06-29 12:53:15,118,0.17973961247511172,128,57856
453,2024-06-29 12:53:15,2024-06-29 12:55:17,122,0.17974424400143926,128,57984
454,2024-06-29 12:55:17,2024-06-29 12:57:18,121,0.17969680992682383,128,58112
455,2024-06-29 12:57:18,2024-06-29 12:59:14,116,0.17965310446382138,128,58240
456,2024-06-29 12:59:14,2024-06-29 13:01:11,117,0.1797464798192556,128,58368
457,2024-06-29 13:01:11,2024-06-29 13:03:07,116,0.17964929976873453,128,58496
458,2024-06-29 13:03:07,2024-06-29 13:05:03,116,0.1796965913104218,128,58624
459,2024-06-29 13:05:03,2024-06-29 13:07:00,117,0.17963172218640197,128,58752
460,2024-06-29 13:07:00,2024-06-29 13:08:57,117,0.17953955476235733,128,58880
461,2024-06-29 13:08:57,2024-06-29 13:10:53,116,0.17952351795746901,128,59008
462,2024-06-29 13:10:53,2024-06-29 13:12:50,117,0.1795354356091067,128,59136
463,2024-06-29 13:12:50,2024-06-29 13:14:46,116,0.17957163564503725,128,59264
464,2024-06-29 13:14:46,2024-06-29 13:16:45,119,0.17953426460687344,128,59392
465,2024-06-29 13:16:45,2024-06-29 13:18:41,116,0.17944851665265513,128,59520
466,2024-06-29 13:18:41,2024-06-29 13:20:37,116,0.1794277489013896,128,59648
467,2024-06-29 13:20:37,2024-06-29 13:22:33,116,0.17949537775359797,128,59776
468,2024-06-29 13:22:33,2024-06-29 13:24:29,116,0.17943851506972702,128,59904
469,2024-06-29 13:24:29,2024-06-29 13:26:25,116,0.1794181440256824,128,60032
470,2024-06-29 13:26:25,2024-06-29 13:28:23,118,0.17947674771210917,128,60160
471,2024-06-29 13:28:23,2024-06-29 13:30:19,116,0.17958465571580645,128,60288
472,2024-06-29 13:30:19,2024-06-29 13:32:16,117,0.17954164955863525,128,60416
473,2024-06-29 13:32:16,2024-06-29 13:34:13,117,0.179504643605335,128,60544
474,2024-06-29 13:34:13,2024-06-29 13:36:10,117,0.17949234303535982,128,60672
475,2024-06-29 13:36:10,2024-06-29 13:38:06,116,0.17968646924131507,128,60800
476,2024-06-29 13:38:06,2024-06-29 13:40:06,120,0.179734892521737,128,60928
477,2024-06-29 13:40:06,2024-06-29 13:42:03,117,0.1797709147754343,128,61056
478,2024-06-29 13:42:03,2024-06-29 13:43:59,116,0.1800190663740199,128,61184
479,2024-06-29 13:43:59,2024-06-29 13:45:56,117,0.17997199182406945,128,61312
480,2024-06-29 13:45:56,2024-06-29 13:47:52,116,0.17999288723848636,128,61440
481,2024-06-29 13:47:52,2024-06-29 13:49:51,119,0.18003508066325064,128,61568
482,2024-06-29 13:49:51,2024-06-29 13:51:48,117,0.18008204711501238,128,61696
483,2024-06-29 13:51:48,2024-06-29 13:53:44,116,0.18008210382337475,128,61824
484,2024-06-29 13:53:44,2024-06-29 13:55:41,117,0.18001630821717124,128,61952
485,2024-06-29 13:55:41,2024-06-29 13:57:38,117,0.1800186595552854,128,62080
486,2024-06-29 13:57:38,2024-06-29 13:59:34,116,0.18015409420560793,128,62208
487,2024-06-29 13:59:34,2024-06-29 14:01:30,116,0.1800644220861787,128,62336
488,2024-06-29 14:01:30,2024-06-29 14:03:26,116,0.18011252709210923,128,62464
489,2024-06-29 14:03:26,2024-06-29 14:05:22,116,0.1800965709397767,128,62592
490,2024-06-29 14:05:22,2024-06-29 14:07:18,116,0.1800786793367246,128,62720
491,2024-06-29 14:07:18,2024-06-29 14:09:14,116,0.18007896557667488,128,62848
492,2024-06-29 14:09:14,2024-06-29 14:11:12,118,0.1801970158064268,128,62976
493,2024-06-29 14:11:12,2024-06-29 14:13:12,120,0.18008800848384615,128,63104
494,2024-06-29 14:13:12,2024-06-29 14:15:08,116,0.180097932381464,128,63232
495,2024-06-29 14:15:08,2024-06-29 14:17:05,117,0.18009397428595533,128,63360
496,2024-06-29 14:17:05,2024-06-29 14:19:01,116,0.1801113113985856,128,63488
497,2024-06-29 14:19:01,2024-06-29 14:20:57,116,0.18007266380196033,128,63616
498,2024-06-29 14:20:57,2024-06-29 14:22:53,116,0.18008316449719608,128,63744
499,2024-06-29 14:22:53,2024-06-29 14:24:49,116,0.17997968042843682,128,63872
500,2024-06-29 14:24:49,2024-06-29 14:26:45,116,0.18023838221923075,128,64000
501,2024-06-29 14:26:45,2024-06-29 14:28:42,117,0.18024901786369726,128,64128
502,2024-06-29 14:28:42,2024-06-29 14:30:38,116,0.18028285527627794,128,64256
503,2024-06-29 14:30:38,2024-06-29 14:32:40,122,0.18009726239357315,128,64384
504,2024-06-29 14:32:40,2024-06-29 14:34:36,116,0.18014142056513646,128,64512
505,2024-06-29 14:34:36,2024-06-29 14:36:34,118,0.18014341704885856,128,64640
506,2024-06-29 14:36:34,2024-06-29 14:38:32,118,0.18017876237325062,128,64768
507,2024-06-29 14:38:32,2024-06-29 14:40:28,116,0.18014007795357317,128,64896
508,2024-06-29 14:40:28,2024-06-29 14:42:25,117,0.18010353147811417,128,65024
509,2024-06-29 14:42:25,2024-06-29 14:44:21,116,0.18010876433935483,128,65152
510,2024-06-29 14:44:21,2024-06-29 14:46:18,117,0.1801674868405211,128,65280
511,2024-06-29 14:46:18,2024-06-29 14:48:14,116,0.1801982565293052,128,65408
512,2024-06-29 14:48:14,2024-06-29 14:50:13,119,0.1802289028544417,128,65536
513,2024-06-29 14:50:13,2024-06-29 14:52:10,117,0.18011963822292806,128,65664
514,2024-06-29 14:52:10,2024-06-29 14:54:06,116,0.1800830701741936,128,65792
515,2024-06-29 14:54:06,2024-06-29 14:56:02,116,0.1801433269513151,128,65920
516,2024-06-29 14:56:02,2024-06-29 14:57:59,117,0.18009290104320097,128,66048
517,2024-06-29 14:57:59,2024-06-29 14:59:56,117,0.1801325153769975,128,66176
518,2024-06-29 14:59:56,2024-06-29 15:01:52,116,0.1801774896169727,128,66304
519,2024-06-29 15:01:52,2024-06-29 15:03:57,125,0.18029494588923078,128,66432
520,2024-06-29 15:03:57,2024-06-29 15:05:53,116,0.18020728929622828,128,66560
521,2024-06-29 15:05:53,2024-06-29 15:07:50,117,0.1802270809462283,128,66688
522,2024-06-29 15:07:50,2024-06-29 15:09:48,118,0.18025967672042184,128,66816
523,2024-06-29 15:09:48,2024-06-29 15:11:44,116,0.18022291289411907,128,66944
524,2024-06-29 15:11:44,2024-06-29 15:13:41,117,0.18020456871868484,128,67072
525,2024-06-29 15:13:41,2024-06-29 15:15:38,117,0.18031884475344917,128,67200
526,2024-06-29 15:15:38,2024-06-29 15:17:34,116,0.1803147094269975,128,67328
527,2024-06-29 15:17:34,2024-06-29 15:19:32,118,0.18023061615372207,128,67456
528,2024-06-29 15:19:32,2024-06-29 15:21:36,124,0.18022043881786598,128,67584
529,2024-06-29 15:21:36,2024-06-29 15:23:35,119,0.18016166947756818,128,67712
530,2024-06-29 15:23:35,2024-06-29 15:25:31,116,0.1803800182693052,128,67840
531,2024-06-29 15:25:31,2024-06-29 15:27:27,116,0.18004338030116623,128,67968
532,2024-06-29 15:27:27,2024-06-29 15:29:24,117,0.18004897236079398,128,68096
533,2024-06-29 15:29:24,2024-06-29 15:31:20,116,0.1801713836422084,128,68224
534,2024-06-29 15:31:20,2024-06-29 15:33:20,120,0.18015440860662527,128,68352
535,2024-06-29 15:33:20,2024-06-29 15:35:16,116,0.18008312705064514,128,68480
536,2024-06-29 15:35:16,2024-06-29 15:37:15,119,0.18020731088647643,128,68608
537,2024-06-29 15:37:15,2024-06-29 15:39:11,116,0.17996134168853603,128,68736
538,2024-06-29 15:39:11,2024-06-29 15:41:07,116,0.17988395268364768,128,68864
539,2024-06-29 15:41:07,2024-06-29 15:43:07,120,0.1799269457325062,128,68992
540,2024-06-29 15:43:07,2024-06-29 15:45:05,118,0.17984443572062028,128,69120
541,2024-06-29 15:45:05,2024-06-29 15:47:01,116,0.17981274302598016,128,69248
542,2024-06-29 15:47:01,2024-06-29 15:48:57,116,0.17986922142315134,128,69376
543,2024-06-29 15:48:57,2024-06-29 15:50:59,122,0.17993892009136472,128,69504
544,2024-06-29 15:50:59,2024-06-29 15:52:56,117,0.1799160511915136,128,69632
545,2024-06-29 15:52:56,2024-06-29 15:54:57,121,0.17993601000977666,128,69760
546,2024-06-29 15:54:57,2024-06-29 15:56:54,117,0.17991709249330018,128,69888
547,2024-06-29 15:56:54,2024-06-29 15:58:55,121,0.17991029688660046,128,70016
548,2024-06-29 15:58:55,2024-06-29 16:00:51,116,0.17990200532965256,128,70144
549,2024-06-29 16:00:51,2024-06-29 16:02:47,116,0.17992540146089328,128,70272
550,2024-06-29 16:02:47,2024-06-29 16:04:43,116,0.17994616880642675,128,70400
551,2024-06-29 16:04:43,2024-06-29 16:06:40,117,0.1799554015650372,128,70528
552,2024-06-29 16:06:40,2024-06-29 16:08:36,116,0.17994997953995037,128,70656
553,2024-06-29 16:08:36,2024-06-29 16:10:35,119,0.1799400771924069,128,70784
554,2024-06-29 16:10:35,2024-06-29 16:12:31,116,0.17993707493496278,128,70912
555,2024-06-29 16:12:31,2024-06-29 16:14:28,117,0.1800005825086104,128,71040
556,2024-06-29 16:14:28,2024-06-29 16:16:25,117,0.1799195758252357,128,71168
557,2024-06-29 16:16:25,2024-06-29 16:18:24,119,0.17992659973692302,128,71296
558,2024-06-29 16:18:24,2024-06-29 16:20:23,119,0.17988948016099252,128,71424
559,2024-06-29 16:20:23,2024-06-29 16:22:19,116,0.17988974542352357,128,71552
560,2024-06-29 16:22:19,2024-06-29 16:24:15,116,0.18001671585488832,128,71680
561,2024-06-29 16:24:15,2024-06-29 16:26:11,116,0.18001445209575678,128,71808
562,2024-06-29 16:26:11,2024-06-29 16:28:12,121,0.18006615686828786,128,71936
563,2024-06-29 16:28:12,2024-06-29 16:30:09,117,0.180071422523871,128,72064
564,2024-06-29 16:30:09,2024-06-29 16:32:06,117,0.18009164671186106,128,72192
565,2024-06-29 16:32:06,2024-06-29 16:34:02,116,0.18012249906235733,128,72320
566,2024-06-29 16:34:02,2024-06-29 16:35:58,116,0.18013516306302735,128,72448
567,2024-06-29 16:35:58,2024-06-29 16:37:54,116,0.18034343824459056,128,72576
568,2024-06-29 16:37:54,2024-06-29 16:39:51,117,0.1801542283613896,128,72704
569,2024-06-29 16:39:51,2024-06-29 16:41:48,117,0.1799990759308685,128,72832
570,2024-06-29 16:41:48,2024-06-29 16:43:44,116,0.18001992324,128,72960
571,2024-06-29 16:43:44,2024-06-29 16:45:41,117,0.1800759877623325,128,73088
572,2024-06-29 16:45:41,2024-06-29 16:47:38,117,0.18026012484511164,128,73216
573,2024-06-29 16:47:38,2024-06-29 16:49:35,117,0.18016684151647644,128,73344
574,2024-06-29 16:49:35,2024-06-29 16:51:34,119,0.18017829268578162,128,73472
575,2024-06-29 16:51:34,2024-06-29 16:53:30,116,0.18023929984067,128,73600
576,2024-06-29 16:53:30,2024-06-29 16:55:26,116,0.18030452421263032,128,73728
577,2024-06-29 16:55:26,2024-06-29 16:57:33,127,0.18030575038831265,128,73856
578,2024-06-29 16:57:33,2024-06-29 16:59:28,115,0.1802849032437965,128,73984
579,2024-06-29 16:59:28,2024-06-29 17:01:26,118,0.18025769625744414,128,74112
580,2024-06-29 17:01:26,2024-06-29 17:03:22,116,0.18029328342684867,128,74240
581,2024-06-29 17:03:22,2024-06-29 17:05:18,116,0.1802720830688834,128,74368
582,2024-06-29 17:05:18,2024-06-29 17:07:18,120,0.1803165075317618,128,74496
583,2024-06-29 17:07:18,2024-06-29 17:09:14,116,0.1802882918114888,128,74624
584,2024-06-29 17:09:14,2024-06-29 17:11:13,119,0.180305243487072,128,74752
585,2024-06-29 17:11:13,2024-06-29 17:13:09,116,0.1802962475773449,128,74880
586,2024-06-29 17:13:09,2024-06-29 17:15:05,116,0.18035679473305208,128,75008
587,2024-06-29 17:15:05,2024-06-29 17:17:02,117,0.18040876945426804,128,75136
588,2024-06-29 17:17:02,2024-06-29 17:19:04,122,0.18043339054315136,128,75264
589,2024-06-29 17:19:04,2024-06-29 17:21:00,116,0.18040452472166252,128,75392
590,2024-06-29 17:21:00,2024-06-29 17:22:56,116,0.18039830700064519,128,75520
591,2024-06-29 17:22:56,2024-06-29 17:24:52,116,0.1804369552056079,128,75648
592,2024-06-29 17:24:52,2024-06-29 17:26:48,116,0.18036896220399506,128,75776
593,2024-06-29 17:26:48,2024-06-29 17:28:46,118,0.18034437191570718,128,75904
594,2024-06-29 17:28:46,2024-06-29 17:30:43,117,0.18038981152424322,128,76032
595,2024-06-29 17:30:43,2024-06-29 17:32:41,118,0.18040367500630275,128,76160
596,2024-06-29 17:32:41,2024-06-29 17:34:37,116,0.180455373204665,128,76288
597,2024-06-29 17:34:37,2024-06-29 17:36:33,116,0.1804051268547643,128,76416
598,2024-06-29 17:36:33,2024-06-29 17:38:29,116,0.18044585654910666,128,76544
599,2024-06-29 17:38:29,2024-06-29 17:40:25,116,0.18043819819942924,128,76672
600,2024-06-29 17:40:25,2024-06-29 17:42:24,119,0.18047892287158804,128,76800
601,2024-06-29 17:42:24,2024-06-29 17:44:20,116,0.1805106283669231,128,76928
602,2024-06-29 17:44:20,2024-06-29 17:46:17,117,0.18057325554632753,128,77056
603,2024-06-29 17:46:17,2024-06-29 17:48:13,116,0.18057984150642684,128,77184
604,2024-06-29 17:48:13,2024-06-29 17:50:13,120,0.18054761967826308,128,77312
605,2024-06-29 17:50:13,2024-06-29 17:52:09,116,0.18050470563421836,128,77440
606,2024-06-29 17:52:09,2024-06-29 17:54:05,116,0.18046095329382134,128,77568
607,2024-06-29 17:54:05,2024-06-29 17:56:02,117,0.1805002495209181,128,77696
608,2024-06-29 17:56:02,2024-06-29 17:57:58,116,0.18053587080791564,128,77824
609,2024-06-29 17:57:58,2024-06-29 17:59:54,116,0.18059378947813895,128,77952
610,2024-06-29 17:59:54,2024-06-29 18:01:51,117,0.18055799530004962,128,78080
611,2024-06-29 18:01:51,2024-06-29 18:03:49,118,0.18056136126950373,128,78208
612,2024-06-29 18:03:49,2024-06-29 18:05:50,121,0.18056591446898265,128,78336
613,2024-06-29 18:05:50,2024-06-29 18:07:46,116,0.18055562996431765,128,78464
614,2024-06-29 18:07:46,2024-06-29 18:09:42,116,0.18043811292858558,128,78592
615,2024-06-29 18:09:42,2024-06-29 18:11:39,117,0.18043361344657563,128,78720
616,2024-06-29 18:11:39,2024-06-29 18:13:35,116,0.18044766699074447,128,78848
617,2024-06-29 18:13:35,2024-06-29 18:15:32,117,0.18045653449364768,128,78976
618,2024-06-29 18:15:32,2024-06-29 18:17:29,117,0.1804740194524318,128,79104
619,2024-06-29 18:17:29,2024-06-29 18:19:27,118,0.18037203538488836,128,79232
620,2024-06-29 18:19:27,2024-06-29 18:21:23,116,0.18041673097307695,128,79360
621,2024-06-29 18:21:23,2024-06-29 18:23:21,118,0.1803935337021092,128,79488
622,2024-06-29 18:23:21,2024-06-29 18:25:17,116,0.1804514040469975,128,79616
623,2024-06-29 18:25:17,2024-06-29 18:27:15,118,0.18046367502508684,128,79744
624,2024-06-29 18:27:15,2024-06-29 18:29:15,120,0.18045005675918116,128,79872
625,2024-06-29 18:29:15,2024-06-29 18:31:13,118,0.18046337427630268,128,80000
